edge_id	doc	section	arity
e0	findings.md	Findings — The Formal Correspondence	7
e1	findings.md	1. The two paradoxes of simultaneity	4
e2	findings.md	2. The thermodynamic pole (what we borrow)	6
e3	findings.md	3. The economic pole (what we reformulate)	5
e4	findings.md	4. The correspondence table	8
e5	findings.md	5. Model skeleton (Track A, Phase 1 — candidate Master's problem)	11
e6	findings.md	6. Track B synthesis (foundations)	4
e7	findings.md	7. Track C synthesis (computational/empirical)	3
e8	findings.md	8. Risk register (program level)	3
e9	literature/baez-lynch-moeller-2023.md	Baez, Lynch & Moeller (2023) — Compositional Thermostatics	8
e10	literature/bortkiewicz-sraffa-dual-system.md	Bortkiewicz–Sraffa Tradition — The Simultaneous Dual-System Benchmark	8
e11	literature/burger-etal-2013.md	Burger, Caffarelli, Markowich & Wolfram (2013) — A Boltzmann-Type Price Formation Model	9
e12	literature/cattaneo-1948.md	Cattaneo (1948) — Sulla conduzione del calore	11
e13	literature/chen-levermore-liu-1994.md	Chen, Levermore & Liu (1994) — Hyperbolic Conservation Laws with Stiff Relaxation and Entropy	8
e14	literature/cockshott-2016.md	Cockshott (2016) — Marxian Reproduction Prices Versus Prices of Production: Probability and Convergence	8
e15	literature/cockshott-cottrell-1998.md	Cockshott & Cottrell (1997/1998) — Does Marx Need to Transform? / Scientific Status of the LTV	6
e16	literature/cottrell-etal-2009.md	Cottrell, Cockshott, Michaelson, Wright & Yakovenko (2009) — Classical Econophysics	9
e17	literature/dumenil-levy-1987.md	Duménil & Lévy (1987) — The Dynamics of Competition: A Restoration of the Classical Analysis	8
e18	literature/farjoun-machover-1983.md	Farjoun & Machover (1983) — Laws of Chaos	7
e19	literature/flaschel-semmler-1987.md	Flaschel & Semmler (1987) — Classical and Neoclassical Competitive Adjustment Processes	9
e20	literature/freeman-1996.md	Freeman (1996) — Price, Value and Profit: A Continuous, General Treatment	9
e21	literature/grmela-generic-multiscale.md	Grmela & Öttinger — GENERIC and Multiscale Thermodynamics	5
e22	literature/jou-etal-eit.md	Jou, Casas-Vázquez & Lebon — Extended Irreversible Thermodynamics; Ruggeri & Sugiyama (2015)	7
e23	literature/kliman-mcglone-1999.md	Kliman & McGlone (1999) — A Temporal Single-system Interpretation of Marx's Value Theory	7
e24	literature/lawvere-1986.md	Lawvere & Schanuel (1986) — Categories in Continuum Physics	6
e25	literature/mohun-veneziani-2009.md	Mohun & Veneziani (2009) — The Temporal Single-System Interpretation: Underdetermination and Inconsistency	10
e26	literature/muller-ruggeri-1998.md	Müller & Ruggeri (1998) — Rational Extended Thermodynamics (2nd ed.)	4
e27	literature/ratanov-telegraph-finance.md	Telegraph-Process Models in Finance — Ratanov et al.	8
e28	literature/rational-thermodynamics-tradition.md	The Rational Thermodynamics Tradition — Coleman–Noll (1963), Coleman (1964), Truesdell (1984), Gurtin–Williams (1967), Müller (1967), Liu (1972)	10
e29	literature/ruggeri-strumia-1981.md	Ruggeri & Strumia (1981) — Main Field and Convex Covariant Density	9
e30	literature/stability-dissipative-hyperbolic.md	Stability of Dissipative Hyperbolic Systems — Hanouzet–Natalini (2003), Ruggeri–Serre (2004), Bianchini–Hanouzet–Natalini (2007)	9
e31	literature/steedman-1984.md	Steedman (1984) — Natural Prices, Differential Profit Rates and the Classical Competitive Process	11
e32	literature/veneziani-2005.md	Veneziani (2005) — Dynamics, Disequilibrium, and Marxian Economics: A Formal Analysis of Temporal Single-System Marxism	7
e33	literature/wright-2005.md	Wright (2005) — The Social Architecture of Capitalism	7
e34	program/critiques.md	Critiques of the Program — Steelman Document	4
e35	program/critiques.md	A1. "Physics envy — this is a metaphor, not a model"	7
e36	program/critiques.md	A2. "Category mistake: an economy is not a continuum"	2
e37	program/critiques.md	A3. "Unobservable parameters, unparsimonious"	8
e38	program/critiques.md	A4. "You're solving a non-problem"	9
e39	program/critiques.md	A5. "The relaxation limit vindicates simultaneism"	6
e40	program/critiques.md	A6. "Stability theorems reintroduce equilibrium by the back door"	4
e41	program/critiques.md	B1. "TSSI is an interpretation of a text, not a dynamical system"	4
e42	program/critiques.md	B2. "Your closure is one of infinitely many — why this one?" (underdetermination returns)	9
e43	program/critiques.md	B3. "There is no tendency to equalization at all" (the probabilist flank)	2
e44	program/critiques.md	B4. Priority/etiquette within the school	3
e45	program/critiques.md	C1. The entropy extension probably doesn't exist	8
e46	program/critiques.md	C2. "Hyperbolic" is overdressed for an ODE system	4
e47	program/critiques.md	C3. The singular limit is only locally valid in time	5
e48	program/critiques.md	C4. Only small-data stability is within reach	5
e49	program/critiques.md	C5. "Formalization is a proof of the obvious" (Track F)	4
e50	program/critiques.md	C6. "Proof assistants aren't ready for the real objects" (Track F)	5
e51	program/critiques.md	D1. No kinetic underpinning	4
e52	program/critiques.md	D2. "Entropy" is just a Lyapunov function with a borrowed name	3
e53	program/critiques.md	D3. "Why RET rather than GENERIC?"	2
e54	program/critiques.md	D4. "Learned closures are circular or unphysical" (Track E)	5
e55	program/critiques.md	E1. Audience squeeze (now four disciplines)	6
e56	program/critiques.md	E2. Missed neighbors	2
e57	program/critiques.md	E3. Scope creep (self-critique, sharpened for six tracks)	4
e58	program/critiques.md	E4. "The computational tracks are orthogonal to value theory"	9
e59	program/critiques.md	Consolidated amendments to `research-program.md`	15
e60	program/critiques.md	Watch list (to read before the exposé)	6
e61	program/research-program.md	Finite-Speed Value: A Research Program in Marxian Econophysics	4
e62	program/research-program.md	1. Overview	14
e63	program/research-program.md	2.1 The transformation problem and TSSI	3
e64	program/research-program.md	2.2 Rational extended thermodynamics	9
e65	program/research-program.md	2.3 Gravitation dynamics	7
e66	program/research-program.md	2.4 Classical econophysics and finite-speed precedents	2
e67	program/research-program.md	2.5 Gap summary	4
e68	program/research-program.md	3. The core correspondence	12
e69	program/research-program.md	4. Track A — Physics × Economics: the hyperbolic value-price system	15
e70	program/research-program.md	5. Track B — Mathematics × Physics: foundations of extended thermodynamics	3
e71	program/research-program.md	6. Track C — Computer Science × Economics: simulation and empirical estimation	6
e72	program/research-program.md	7. Track D — Mathematics × Economics: the formal theory of value-price dynamics	8
e73	program/research-program.md	8. Track E — Physics × Computer Science: computational thermodynamics of value-price dynamics	10
e74	program/research-program.md	9. Track F — Mathematics × Computer Science: certified and executable mathematics	6
e75	program/research-program.md	10. Phasing, dependencies, publication strategy	5
e76	program/research-program.md	11. Master's thesis decision point	10
e77	program/research-program.md	12. References	7
e78	research-log.md	2026-08-15 — Project initialization and program document	6
e79	research-log.md	2026-08-16 — Git commit + critiques document	13
e80	research-log.md	2026-08-16 — Track refactor (3 → 4 tracks, four-discipline framing)	6
e81	research-log.md	2026-08-16 — Six-track completion + bibliography reorganization	16
e82	research-log.md	2026-08-16 — Commit + context preservation	3
e83	research-log.md	2026-08-16 — Proposal walkthrough + AGENTS.md wiring	7
e84	to_human/2026-08-15-program-delivery.md	What exists now	6
e85	to_human/2026-08-15-program-delivery.md	Decisions embedded (confirm or redirect)	6
e86	to_human/2026-08-15-program-delivery.md	Not done (awaiting your review)	2
e87	to_human/2026-08-16-context-preservation.md	1. Project origin (attribution)	5
e88	to_human/2026-08-16-context-preservation.md	2. Program framing decisions (confirmed with Brad, in order)	7
e89	to_human/2026-08-16-context-preservation.md	3. Master's thesis exposé — format benchmarks (from web research; needed for phase 2)	2
e90	to_human/2026-08-16-context-preservation.md	4. Open next steps (from Brad's list; status)	2
e91	to_human/2026-08-16-context-preservation.md	5. Status: the consolidated amendments to research-program.md	4
e92	to_human/2026-08-16-context-preservation.md	6. Open decisions awaiting Brad	2
e93	to_human/2026-08-16-context-preservation.md	6.5 Pending commitments (conversation-only, not in any document)	4
e94	to_human/2026-08-16-context-preservation.md	8. Verification ledger (what was checked, so it isn't re-checked)	3
e95	to_human/2026-08-16-context-preservation.md	9. Key intellectual landmarks (theses that must survive)	6
e96	to_human/2026-08-16-proposal-walkthrough.md	Finite-Speed Value: A Walkthrough	5
e97	to_human/2026-08-16-proposal-walkthrough.md	1. The whole program in five minutes	9
e98	to_human/2026-08-16-proposal-walkthrough.md	2.1 The heat paradox (physics)	7
e99	to_human/2026-08-16-proposal-walkthrough.md	2.2 The transformation problem (economics)	6
e100	to_human/2026-08-16-proposal-walkthrough.md	2.3 What the two paradoxes share	3
e101	to_human/2026-08-16-proposal-walkthrough.md	3. The core move: a formal correspondence	6
e102	to_human/2026-08-16-proposal-walkthrough.md	4. The statistical compass: Jaynes as the guide	6
e103	to_human/2026-08-16-proposal-walkthrough.md	4.1 Jaynes' MaxEnt in one paragraph	3
e104	to_human/2026-08-16-proposal-walkthrough.md	4.2 Four statistical mirrors	6
e105	to_human/2026-08-16-proposal-walkthrough.md	4.3 Statistical equilibrium is already Jaynesian	2
e106	to_human/2026-08-16-proposal-walkthrough.md	4.4 What the compass does and does not claim	5
e107	to_human/2026-08-16-proposal-walkthrough.md	5. The physics explainer	7
e108	to_human/2026-08-16-proposal-walkthrough.md	6. The mathematics explainer	12
e109	to_human/2026-08-16-proposal-walkthrough.md	7. The economics explainer	9
e110	to_human/2026-08-16-proposal-walkthrough.md	8. The computer science explainer	9
e111	to_human/2026-08-16-proposal-walkthrough.md	9. Assembling the tracks	5
e112	to_human/2026-08-16-proposal-walkthrough.md	10. What success looks like	10
e113	to_human/2026-08-16-proposal-walkthrough.md	11. Glossary	11
